slice	commit	diff_check	astyle_3.4.14	cppcheck_2.20.0
126	9417122630b0161832ab38db973fb321a1f2f79b	PASS	PASS	PASS
127	b1293ffad32cbb786e4a271d45f2631525e5937b	PASS	PASS	PASS
128	1364cf8019fc1522c8345debc6e5b4bd869c4975	PASS	PASS	PASS
129	36eda78d65b15944541294b393fe4034f6e97057	PASS	PASS	PASS
130	192d2515a63314056a68e1f96ada9f985ff0d188	PASS	PASS	PASS
131	0bbba915450506c30f56c6b53b45144f48943589	PASS	PASS	PASS
132	19712922672bf43522ab4d36670de62c5d245824	PASS	PASS	PASS
133	8cec0977d247538d4b9f837e358461a1338e7a16	PASS	PASS	PASS
134	d26748ed27daffc74c50b1bbdf7c4c5ed05881b2	PASS	PASS	PASS
135	59a898028ab1e48bc4622056142c07c39a99c7df	PASS	PASS	PASS
136	be9a3f71ca3266a98924a9bbabf9f81d49eb8bef	PASS	PASS	PASS
137	c97dde4923fda88b958b7bece59df209701e401c	PASS	PASS	PASS
138	f1283729cd83ce7e49b4b451597e8e1676e83034	PASS	PASS	PASS
139	a0c171caee2b84e68b875d6e10ae7e4684d0c8dd	PASS	PASS	PASS
140	ed6db7a434c37ac50da46c7fdab0ee8d496aa102	PASS	PASS	PASS
141	585c9b8e323d5d8ee23ef452fe9112b6489870fe	PASS	PASS	PASS
142	b38c63473c5297250af325d2770c5219ede69d48	PASS	PASS	PASS
