1785640093.718	sclk=600	mclk=-	fclk=-	socclk=600	busy=0	power_mw=13035	cpu=1795|3197|3603	level=auto
1785640094.735	sclk=600	mclk=-	fclk=-	socclk=600	busy=0	power_mw=13013	cpu=1776|2842|3593	level=auto
1785640095.759	sclk=600	mclk=-	fclk=-	socclk=600	busy=0	power_mw=12081	cpu=1775|2687|3602	level=auto
1785640096.781	sclk=600	mclk=-	fclk=-	socclk=600	busy=0	power_mw=12065	cpu=1795|2487|3601	level=auto
1785640097.806	sclk=600	mclk=-	fclk=-	socclk=600	busy=0	power_mw=13030	cpu=1789|2673|3605	level=auto
1785640098.829	sclk=600	mclk=-	fclk=-	socclk=600	busy=0	power_mw=12030	cpu=1761|2543|3612	level=auto
1785640099.855	sclk=600	mclk=-	fclk=-	socclk=600	busy=0	power_mw=15028	cpu=1749|3271|3606	level=auto
1785640100.873	sclk=604	mclk=-	fclk=-	socclk=-	busy=0	power_mw=13070	cpu=1753|2767|3554	level=auto
1785640101.897	sclk=602	mclk=-	fclk=-	socclk=-	busy=0	power_mw=12017	cpu=1749|2594|3559	level=auto
1785640102.921	sclk=632	mclk=-	fclk=-	socclk=-	busy=0	power_mw=12055	cpu=1776|2737|3561	level=auto
1785640103.943	sclk=612	mclk=-	fclk=-	socclk=-	busy=0	power_mw=12066	cpu=1776|2484|3567	level=auto
1785640104.966	sclk=609	mclk=-	fclk=-	socclk=-	busy=0	power_mw=15019	cpu=1772|2731|3564	level=auto
1785640105.989	sclk=603	mclk=-	fclk=-	socclk=-	busy=0	power_mw=13062	cpu=1801|2359|3608	level=auto
1785640107.013	sclk=601	mclk=-	fclk=-	socclk=600	busy=0	power_mw=13028	cpu=1776|2912|3609	level=auto
1785640108.038	sclk=638	mclk=-	fclk=-	socclk=-	busy=0	power_mw=15015	cpu=1811|3217|3601	level=auto
1785640109.059	sclk=635	mclk=-	fclk=-	socclk=-	busy=0	power_mw=14091	cpu=1782|2842|3597	level=auto
1785640110.079	sclk=613	mclk=-	fclk=-	socclk=-	busy=0	power_mw=22017	cpu=1668|3422|5017	level=auto
1785640111.095	sclk=645	mclk=-	fclk=-	socclk=-	busy=0	power_mw=32004	cpu=1668|3865|5060	level=auto
1785640112.113	sclk=622	mclk=-	fclk=-	socclk=-	busy=0	power_mw=43077	cpu=1869|3738|4924	level=auto
1785640113.134	sclk=608	mclk=1000	fclk=-	socclk=-	busy=0	power_mw=51056	cpu=1909|3943|4971	level=auto
1785640114.153	sclk=603	mclk=1000	fclk=-	socclk=-	busy=0	power_mw=54072	cpu=1570|4211|4940	level=auto
1785640115.170	sclk=601	mclk=1000	fclk=-	socclk=-	busy=0	power_mw=56043	cpu=1603|3550|4911	level=auto
1785640116.191	sclk=600	mclk=1000	fclk=-	socclk=-	busy=0	power_mw=52055	cpu=2000|3976|4840	level=auto
1785640117.208	sclk=600	mclk=1000	fclk=-	socclk=-	busy=0	power_mw=52029	cpu=2000|3795|4916	level=auto
1785640118.229	sclk=600	mclk=1000	fclk=-	socclk=-	busy=0	power_mw=49093	cpu=1762|3697|4931	level=auto
1785640119.247	sclk=600	mclk=1000	fclk=-	socclk=-	busy=0	power_mw=52004	cpu=1653|3952|5023	level=auto
1785640120.266	sclk=606	mclk=1000	fclk=-	socclk=-	busy=0	power_mw=53053	cpu=1619|3845|4917	level=auto
1785640121.282	sclk=602	mclk=1000	fclk=-	socclk=-	busy=0	power_mw=54049	cpu=1704|4059|5121	level=auto
1785640122.300	sclk=601	mclk=1000	fclk=-	socclk=-	busy=0	power_mw=52092	cpu=1659|3935|4997	level=auto
1785640123.318	sclk=600	mclk=1000	fclk=-	socclk=-	busy=0	power_mw=52026	cpu=1595|4114|4991	level=auto
1785640124.339	sclk=600	mclk=1000	fclk=2000	socclk=-	busy=0	power_mw=52096	cpu=1562|4238|4985	level=auto
1785640125.361	sclk=600	mclk=1000	fclk=2000	socclk=-	busy=0	power_mw=55004	cpu=1625|3406|5137	level=auto
1785640126.379	sclk=600	mclk=1000	fclk=2000	socclk=-	busy=0	power_mw=55057	cpu=2000|4322|5082	level=auto
1785640127.402	sclk=600	mclk=1000	fclk=2000	socclk=-	busy=0	power_mw=54080	cpu=1567|3678|5043	level=auto
1785640128.423	sclk=600	mclk=1000	fclk=2000	socclk=-	busy=0	power_mw=55039	cpu=1551|4335|4977	level=auto
1785640129.439	sclk=600	mclk=1000	fclk=2000	socclk=-	busy=0	power_mw=55051	cpu=2000|4362|4966	level=auto
1785640130.457	sclk=600	mclk=1000	fclk=2000	socclk=-	busy=0	power_mw=55070	cpu=2000|4495|5103	level=auto
1785640131.471	sclk=600	mclk=1000	fclk=2000	socclk=-	busy=0	power_mw=56048	cpu=1599|3936|5067	level=auto
1785640132.486	sclk=600	mclk=1000	fclk=2000	socclk=-	busy=0	power_mw=56021	cpu=1542|3923|4923	level=auto
1785640133.508	sclk=600	mclk=1000	fclk=2000	socclk=-	busy=0	power_mw=54021	cpu=1849|4467|4991	level=auto
1785640134.526	sclk=600	mclk=1000	fclk=2000	socclk=-	busy=0	power_mw=54077	cpu=2000|4626|4951	level=auto
1785640135.544	sclk=600	mclk=1000	fclk=2000	socclk=-	busy=0	power_mw=55085	cpu=1558|4140|4950	level=auto
1785640136.562	sclk=600	mclk=1000	fclk=2000	socclk=-	busy=0	power_mw=55020	cpu=1597|4449|5076	level=auto
1785640137.579	sclk=600	mclk=1000	fclk=2000	socclk=-	busy=0	power_mw=55091	cpu=1585|3791|5039	level=auto
1785640138.594	sclk=600	mclk=1000	fclk=2000	socclk=-	busy=0	power_mw=54035	cpu=1549|4137|4957	level=auto
1785640139.612	sclk=600	mclk=1000	fclk=2000	socclk=-	busy=0	power_mw=55001	cpu=1588|4365|5102	level=auto
1785640140.628	sclk=610	mclk=1000	fclk=-	socclk=-	busy=0	power_mw=54051	cpu=1596|4371|5052	level=auto
1785640141.646	sclk=608	mclk=1000	fclk=2000	socclk=-	busy=0	power_mw=53013	cpu=1557|4524|4949	level=auto
1785640142.662	sclk=603	mclk=1000	fclk=-	socclk=-	busy=0	power_mw=52082	cpu=1676|3857|5026	level=auto
1785640143.681	sclk=601	mclk=1000	fclk=-	socclk=-	busy=0	power_mw=52090	cpu=1643|3922|4947	level=auto
1785640144.701	sclk=600	mclk=1000	fclk=-	socclk=-	busy=0	power_mw=54055	cpu=1666|3738|5022	level=auto
1785640145.718	sclk=600	mclk=1000	fclk=-	socclk=-	busy=0	power_mw=54008	cpu=2000|4227|4935	level=auto
1785640146.738	sclk=600	mclk=1000	fclk=2000	socclk=-	busy=0	power_mw=54033	cpu=1536|4027|4900	level=auto
1785640147.760	sclk=600	mclk=1000	fclk=2000	socclk=-	busy=0	power_mw=54026	cpu=1639|4284|4939	level=auto
1785640148.781	sclk=600	mclk=1000	fclk=2000	socclk=-	busy=0	power_mw=53060	cpu=1607|3770|5080	level=auto
1785640149.800	sclk=600	mclk=1000	fclk=2000	socclk=-	busy=0	power_mw=52016	cpu=1715|4287|4927	level=auto
1785640150.822	sclk=600	mclk=1000	fclk=2000	socclk=-	busy=0	power_mw=52068	cpu=1522|4002|4706	level=auto
1785640151.841	sclk=600	mclk=1000	fclk=2000	socclk=-	busy=0	power_mw=53066	cpu=1583|3927|4967	level=auto
1785640152.861	sclk=600	mclk=1000	fclk=2000	socclk=-	busy=0	power_mw=52059	cpu=1649|4191|4974	level=auto
1785640153.880	sclk=600	mclk=1000	fclk=2000	socclk=-	busy=0	power_mw=53042	cpu=1619|3335|4924	level=auto
1785640154.901	sclk=600	mclk=1000	fclk=2000	socclk=-	busy=0	power_mw=55087	cpu=1646|3576|4966	level=auto
1785640155.923	sclk=600	mclk=1000	fclk=-	socclk=-	busy=0	power_mw=54028	cpu=1544|3609|4953	level=auto
1785640156.942	sclk=600	mclk=1000	fclk=-	socclk=-	busy=0	power_mw=53073	cpu=1547|3453|4941	level=auto
1785640157.961	sclk=600	mclk=1000	fclk=2000	socclk=-	busy=0	power_mw=52053	cpu=2000|4389|4973	level=auto
1785640158.982	sclk=600	mclk=1000	fclk=-	socclk=-	busy=0	power_mw=53016	cpu=1630|3432|4942	level=auto
1785640160.005	sclk=600	mclk=1000	fclk=2000	socclk=-	busy=0	power_mw=52010	cpu=1530|3874|4950	level=auto
1785640161.025	sclk=600	mclk=1000	fclk=2000	socclk=-	busy=0	power_mw=52031	cpu=2000|4545|4959	level=auto
1785640162.043	sclk=600	mclk=1000	fclk=2000	socclk=-	busy=0	power_mw=52050	cpu=1786|4264|4929	level=auto
1785640163.061	sclk=631	mclk=1000	fclk=2000	socclk=-	busy=0	power_mw=52092	cpu=1396|3294|4930	level=auto
1785640164.077	sclk=611	mclk=1000	fclk=2000	socclk=-	busy=0	power_mw=52064	cpu=1852|4537|5002	level=auto
1785640165.092	sclk=607	mclk=1000	fclk=2000	socclk=-	busy=0	power_mw=53081	cpu=1608|3581|5078	level=auto
1785640166.111	sclk=602	mclk=1000	fclk=-	socclk=-	busy=0	power_mw=53049	cpu=1446|3307|4921	level=auto
1785640167.133	sclk=601	mclk=1000	fclk=-	socclk=-	busy=0	power_mw=55038	cpu=1409|4105|4984	level=auto
1785640168.154	sclk=623	mclk=1000	fclk=-	socclk=-	busy=0	power_mw=47045	cpu=1439|2771|4988	level=auto
1785640169.178	sclk=608	mclk=1000	fclk=-	socclk=-	busy=0	power_mw=40004	cpu=1649|3761|4985	level=auto
1785640170.200	sclk=603	mclk=1000	fclk=-	socclk=-	busy=0	power_mw=38064	cpu=1654|3717|4930	level=auto
1785640171.220	sclk=601	mclk=1000	fclk=-	socclk=-	busy=0	power_mw=37010	cpu=1638|2925|4910	level=auto
1785640172.237	sclk=600	mclk=1000	fclk=-	socclk=-	busy=0	power_mw=39057	cpu=1658|3761|4912	level=auto
1785640173.258	sclk=600	mclk=-	fclk=-	socclk=-	busy=0	power_mw=28011	cpu=1709|2869|5140	level=auto
1785640174.280	sclk=600	mclk=-	fclk=-	socclk=-	busy=0	power_mw=18094	cpu=1811|2784|3568	level=auto
1785640175.304	sclk=600	mclk=-	fclk=-	socclk=600	busy=0	power_mw=14059	cpu=1754|2594|3559	level=auto
1785640176.329	sclk=600	mclk=-	fclk=-	socclk=600	busy=0	power_mw=12088	cpu=1913|2458|3596	level=auto
1785640177.353	sclk=600	mclk=-	fclk=-	socclk=600	busy=0	power_mw=12002	cpu=1810|2933|3599	level=auto
1785640178.375	sclk=600	mclk=-	fclk=-	socclk=600	busy=0	power_mw=12005	cpu=1818|3146|3561	level=auto
1785640179.398	sclk=600	mclk=-	fclk=-	socclk=600	busy=0	power_mw=12017	cpu=1786|2807|3606	level=auto
1785640180.419	sclk=600	mclk=-	fclk=-	socclk=600	busy=0	power_mw=12042	cpu=1811|3028|3599	level=auto
1785640181.441	sclk=600	mclk=-	fclk=-	socclk=600	busy=0	power_mw=12080	cpu=1776|2404|3600	level=auto
1785640182.463	sclk=600	mclk=-	fclk=-	socclk=600	busy=0	power_mw=12075	cpu=1773|2618|3559	level=auto
1785640183.486	sclk=600	mclk=-	fclk=-	socclk=600	busy=0	power_mw=12084	cpu=1772|2428|3559	level=auto
1785640184.509	sclk=600	mclk=-	fclk=-	socclk=600	busy=0	power_mw=12087	cpu=1767|3004|3558	level=auto
1785640185.534	sclk=604	mclk=-	fclk=-	socclk=-	busy=0	power_mw=13015	cpu=1787|2797|3560	level=auto
1785640186.557	sclk=602	mclk=-	fclk=-	socclk=-	busy=0	power_mw=13007	cpu=1812|3180|3603	level=auto
1785640187.579	sclk=601	mclk=-	fclk=-	socclk=600	busy=0	power_mw=12049	cpu=1706|2828|3599	level=auto
1785640188.601	sclk=600	mclk=-	fclk=-	socclk=600	busy=0	power_mw=12043	cpu=1764|2833|3616	level=auto
1785640189.626	sclk=600	mclk=-	fclk=-	socclk=600	busy=0	power_mw=12071	cpu=1767|3092|3611	level=auto
1785640190.649	sclk=600	mclk=-	fclk=-	socclk=600	busy=0	power_mw=12079	cpu=1768|2317|3562	level=auto
1785640191.676	sclk=600	mclk=-	fclk=-	socclk=600	busy=0	power_mw=12085	cpu=1743|2431|3559	level=auto
1785640192.700	sclk=651	mclk=-	fclk=-	socclk=-	busy=0	power_mw=13019	cpu=1776|2893|3558	level=auto
1785640193.722	sclk=618	mclk=-	fclk=-	socclk=-	busy=0	power_mw=12099	cpu=1882|2618|3557	level=auto
1785640194.743	sclk=613	mclk=-	fclk=-	socclk=-	busy=0	power_mw=12078	cpu=1799|2968|3588	level=auto
1785640195.766	sclk=605	mclk=-	fclk=-	socclk=-	busy=0	power_mw=12076	cpu=1753|2765|3603	level=auto
1785640196.793	sclk=602	mclk=-	fclk=-	socclk=600	busy=0	power_mw=12086	cpu=1753|2524|3600	level=auto
1785640197.817	sclk=601	mclk=-	fclk=-	socclk=600	busy=0	power_mw=13007	cpu=1764|2677|3605	level=auto
1785640198.843	sclk=600	mclk=-	fclk=-	socclk=600	busy=0	power_mw=12042	cpu=1774|2624|3560	level=auto
1785640199.865	sclk=600	mclk=-	fclk=-	socclk=600	busy=0	power_mw=12032	cpu=1738|2845|3600	level=auto
1785640200.889	sclk=616	mclk=-	fclk=-	socclk=-	busy=0	power_mw=12050	cpu=1798|3046|3602	level=auto
1785640201.912	sclk=606	mclk=-	fclk=-	socclk=-	busy=0	power_mw=12058	cpu=1743|2811|3610	level=auto
1785640202.935	sclk=602	mclk=-	fclk=-	socclk=600	busy=0	power_mw=12047	cpu=2000|2693|3600	level=auto
1785640203.964	sclk=601	mclk=-	fclk=-	socclk=600	busy=0	power_mw=12030	cpu=1757|2702|3603	level=auto
1785640204.987	sclk=600	mclk=-	fclk=-	socclk=600	busy=0	power_mw=12035	cpu=1793|2513|3599	level=auto
1785640206.011	sclk=600	mclk=-	fclk=-	socclk=600	busy=0	power_mw=12022	cpu=1817|3235|3596	level=auto
1785640207.034	sclk=600	mclk=-	fclk=-	socclk=600	busy=0	power_mw=12078	cpu=1767|3055|3613	level=auto
1785640208.056	sclk=600	mclk=-	fclk=-	socclk=600	busy=0	power_mw=12063	cpu=1794|2861|3604	level=auto
1785640209.080	sclk=600	mclk=-	fclk=-	socclk=600	busy=0	power_mw=12070	cpu=1775|2543|3602	level=auto
1785640210.102	sclk=600	mclk=-	fclk=-	socclk=600	busy=0	power_mw=12071	cpu=1775|2714|3611	level=auto
1785640211.124	sclk=600	mclk=-	fclk=-	socclk=600	busy=0	power_mw=12074	cpu=1910|2957|3611	level=auto
1785640212.148	sclk=600	mclk=-	fclk=-	socclk=600	busy=0	power_mw=12088	cpu=1770|2757|3615	level=auto
1785640213.173	sclk=600	mclk=-	fclk=-	socclk=600	busy=0	power_mw=12089	cpu=1774|2705|3600	level=auto
1785640214.198	sclk=600	mclk=-	fclk=-	socclk=600	busy=0	power_mw=12061	cpu=1764|2848|3547	level=auto
1785640215.222	sclk=600	mclk=-	fclk=-	socclk=600	busy=0	power_mw=12028	cpu=1840|2753|3562	level=auto
1785640216.245	sclk=600	mclk=-	fclk=-	socclk=600	busy=0	power_mw=11094	cpu=1777|2626|3556	level=auto
1785640217.269	sclk=600	mclk=-	fclk=-	socclk=600	busy=0	power_mw=12024	cpu=1773|2452|3565	level=auto
1785640218.296	sclk=600	mclk=-	fclk=-	socclk=600	busy=0	power_mw=11067	cpu=1800|2499|3604	level=auto
1785640219.318	sclk=600	mclk=-	fclk=-	socclk=600	busy=0	power_mw=11073	cpu=1755|2498|3592	level=auto
1785640220.346	sclk=600	mclk=-	fclk=-	socclk=600	busy=0	power_mw=11097	cpu=1750|2473|3588	level=auto
1785640221.372	sclk=600	mclk=-	fclk=-	socclk=600	busy=0	power_mw=12004	cpu=1862|3078|3604	level=auto
1785640222.398	sclk=600	mclk=-	fclk=-	socclk=600	busy=0	power_mw=12040	cpu=1781|2613|3557	level=auto
1785640223.421	sclk=600	mclk=-	fclk=-	socclk=600	busy=0	power_mw=11042	cpu=1767|2439|3604	level=auto
1785640224.445	sclk=600	mclk=-	fclk=-	socclk=600	busy=0	power_mw=11066	cpu=1774|2812|3598	level=auto
1785640225.465	sclk=600	mclk=-	fclk=-	socclk=600	busy=0	power_mw=12013	cpu=1750|2649|3570	level=auto
1785640226.488	sclk=600	mclk=-	fclk=-	socclk=600	busy=0	power_mw=13049	cpu=1778|2432|3563	level=auto
1785640227.508	sclk=600	mclk=-	fclk=-	socclk=600	busy=0	power_mw=12086	cpu=1772|2372|3555	level=auto
1785640228.531	sclk=600	mclk=-	fclk=-	socclk=600	busy=0	power_mw=12030	cpu=1769|2776|3564	level=auto
1785640229.551	sclk=600	mclk=-	fclk=-	socclk=600	busy=0	power_mw=12048	cpu=1797|3096|3596	level=auto
1785640230.575	sclk=600	mclk=-	fclk=-	socclk=600	busy=0	power_mw=12056	cpu=1773|2657|3550	level=auto
1785640231.597	sclk=600	mclk=-	fclk=-	socclk=600	busy=0	power_mw=12068	cpu=1763|2686|3557	level=auto
1785640232.619	sclk=600	mclk=-	fclk=-	socclk=600	busy=0	power_mw=12075	cpu=1793|2921|3561	level=auto
1785640233.643	sclk=600	mclk=-	fclk=-	socclk=600	busy=0	power_mw=12011	cpu=1780|2551|3559	level=auto
1785640234.668	sclk=600	mclk=-	fclk=-	socclk=600	busy=0	power_mw=12005	cpu=1750|2519|3560	level=auto
1785640235.691	sclk=600	mclk=-	fclk=-	socclk=600	busy=0	power_mw=11071	cpu=1800|3201|3696	level=auto
1785640236.714	sclk=600	mclk=-	fclk=-	socclk=600	busy=0	power_mw=11056	cpu=1753|2549|3555	level=auto
1785640237.736	sclk=600	mclk=-	fclk=-	socclk=600	busy=0	power_mw=11054	cpu=1746|2885|3556	level=auto
1785640238.758	sclk=600	mclk=-	fclk=-	socclk=600	busy=0	power_mw=12002	cpu=1801|2590|3609	level=auto
1785640239.779	sclk=600	mclk=-	fclk=-	socclk=600	busy=0	power_mw=12062	cpu=1776|2630|3572	level=auto
1785640240.800	sclk=600	mclk=-	fclk=-	socclk=600	busy=0	power_mw=12094	cpu=1770|2785|3592	level=auto
1785640241.821	sclk=600	mclk=-	fclk=-	socclk=600	busy=0	power_mw=12098	cpu=1748|2539|3566	level=auto
1785640242.841	sclk=600	mclk=-	fclk=-	socclk=600	busy=0	power_mw=12081	cpu=1773|2464|3606	level=auto
1785640243.863	sclk=600	mclk=-	fclk=-	socclk=600	busy=0	power_mw=13013	cpu=1800|2790|3602	level=auto
1785640244.885	sclk=600	mclk=-	fclk=-	socclk=600	busy=0	power_mw=12096	cpu=1751|2434|3608	level=auto
1785640245.908	sclk=600	mclk=-	fclk=-	socclk=600	busy=0	power_mw=12036	cpu=1754|2810|3553	level=auto
1785640246.935	sclk=600	mclk=-	fclk=-	socclk=600	busy=0	power_mw=12014	cpu=1759|2461|3569	level=auto
1785640247.958	sclk=600	mclk=-	fclk=-	socclk=600	busy=0	power_mw=11074	cpu=1760|2977|3555	level=auto
1785640248.981	sclk=600	mclk=-	fclk=-	socclk=600	busy=0	power_mw=11099	cpu=1755|2618|3599	level=auto
1785640250.005	sclk=607	mclk=-	fclk=-	socclk=-	busy=0	power_mw=12030	cpu=1771|2758|3560	level=auto
1785640251.028	sclk=603	mclk=-	fclk=-	socclk=-	busy=0	power_mw=11094	cpu=1765|3006|3557	level=auto
1785640252.050	sclk=601	mclk=-	fclk=-	socclk=600	busy=0	power_mw=11060	cpu=1765|2988|3557	level=auto
1785640253.074	sclk=628	mclk=-	fclk=-	socclk=-	busy=0	power_mw=12054	cpu=1768|2668|3558	level=auto
1785640254.095	sclk=610	mclk=-	fclk=-	socclk=-	busy=0	power_mw=12047	cpu=1775|2772|3564	level=auto
1785640255.119	sclk=608	mclk=-	fclk=-	socclk=-	busy=0	power_mw=12040	cpu=1774|3037|3557	level=auto
1785640256.142	sclk=603	mclk=-	fclk=-	socclk=-	busy=0	power_mw=12048	cpu=1773|2473|3604	level=auto
1785640257.171	sclk=601	mclk=-	fclk=-	socclk=600	busy=0	power_mw=12047	cpu=1781|2648|3571	level=auto
1785640258.200	sclk=600	mclk=-	fclk=-	socclk=600	busy=0	power_mw=11096	cpu=1773|2494|3600	level=auto
1785640259.227	sclk=600	mclk=-	fclk=-	socclk=600	busy=0	power_mw=11085	cpu=1802|2397|3601	level=auto
1785640260.249	sclk=600	mclk=-	fclk=-	socclk=600	busy=0	power_mw=12024	cpu=1768|2475|3558	level=auto
1785640261.276	sclk=612	mclk=-	fclk=-	socclk=-	busy=0	power_mw=12057	cpu=1770|2692|3600	level=auto
1785640262.298	sclk=604	mclk=-	fclk=-	socclk=-	busy=0	power_mw=12047	cpu=1784|2671|3575	level=auto
1785640263.321	sclk=602	mclk=-	fclk=-	socclk=600	busy=0	power_mw=12054	cpu=1770|2812|3596	level=auto
1785640264.345	sclk=601	mclk=-	fclk=-	socclk=600	busy=0	power_mw=12036	cpu=1795|2505|3597	level=auto
1785640265.370	sclk=600	mclk=-	fclk=-	socclk=600	busy=0	power_mw=12057	cpu=1760|2508|3589	level=auto
1785640266.395	sclk=600	mclk=-	fclk=-	socclk=600	busy=0	power_mw=12043	cpu=1775|2977|3559	level=auto
1785640267.418	sclk=600	mclk=-	fclk=-	socclk=600	busy=0	power_mw=12054	cpu=1752|2798|3610	level=auto
1785640268.442	sclk=600	mclk=-	fclk=-	socclk=600	busy=0	power_mw=11069	cpu=1756|2745|3595	level=auto
1785640269.466	sclk=600	mclk=-	fclk=-	socclk=600	busy=0	power_mw=11073	cpu=1776|2572|3570	level=auto
1785640270.490	sclk=600	mclk=-	fclk=-	socclk=600	busy=0	power_mw=11072	cpu=1749|2710|3569	level=auto
1785640271.512	sclk=600	mclk=-	fclk=-	socclk=600	busy=0	power_mw=12029	cpu=1796|2485|3602	level=auto
1785640272.537	sclk=600	mclk=-	fclk=-	socclk=600	busy=0	power_mw=12029	cpu=1774|2508|3592	level=auto
1785640273.563	sclk=600	mclk=-	fclk=-	socclk=600	busy=0	power_mw=12042	cpu=1781|2572|3578	level=auto
1785640274.587	sclk=600	mclk=-	fclk=-	socclk=600	busy=0	power_mw=12003	cpu=1772|2966|3559	level=auto
1785640275.608	sclk=600	mclk=-	fclk=-	socclk=600	busy=0	power_mw=12002	cpu=1772|2612|3561	level=auto
1785640276.630	sclk=600	mclk=-	fclk=-	socclk=600	busy=0	power_mw=11088	cpu=1769|2735|3567	level=auto
1785640277.654	sclk=600	mclk=-	fclk=-	socclk=600	busy=0	power_mw=11046	cpu=1797|2557|3598	level=auto
1785640278.676	sclk=600	mclk=-	fclk=-	socclk=600	busy=0	power_mw=11034	cpu=1795|2456|3590	level=auto
1785640279.700	sclk=600	mclk=-	fclk=-	socclk=600	busy=0	power_mw=12002	cpu=1783|3153|3569	level=auto
1785640280.722	sclk=600	mclk=-	fclk=-	socclk=600	busy=0	power_mw=12032	cpu=1773|2471|3604	level=auto
1785640281.748	sclk=600	mclk=-	fclk=-	socclk=600	busy=0	power_mw=15098	cpu=1762|2826|3571	level=auto
1785640282.770	sclk=651	mclk=-	fclk=-	socclk=-	busy=0	power_mw=14066	cpu=1827|2909|3582	level=auto
1785640283.794	sclk=618	mclk=-	fclk=-	socclk=-	busy=0	power_mw=13077	cpu=1802|2710|3614	level=auto
1785640284.818	sclk=613	mclk=-	fclk=-	socclk=-	busy=0	power_mw=13043	cpu=1771|2644|3613	level=auto
1785640285.841	sclk=605	mclk=-	fclk=-	socclk=-	busy=0	power_mw=13012	cpu=1750|2874|3611	level=auto
1785640286.865	sclk=602	mclk=-	fclk=-	socclk=600	busy=0	power_mw=12038	cpu=1747|3148|3610	level=auto
1785640287.890	sclk=601	mclk=-	fclk=-	socclk=600	busy=0	power_mw=12003	cpu=1753|2525|3579	level=auto
1785640288.915	sclk=600	mclk=-	fclk=-	socclk=600	busy=0	power_mw=12009	cpu=1756|2463|3612	level=auto
1785640289.939	sclk=600	mclk=-	fclk=-	socclk=600	busy=0	power_mw=12045	cpu=1796|3003|3605	level=auto
1785640290.963	sclk=600	mclk=-	fclk=-	socclk=600	busy=0	power_mw=12041	cpu=1795|2660|3569	level=auto
1785640291.985	sclk=600	mclk=-	fclk=-	socclk=600	busy=0	power_mw=13025	cpu=1800|2923|3604	level=auto
1785640293.007	sclk=600	mclk=-	fclk=-	socclk=600	busy=0	power_mw=13015	cpu=1791|2670|3590	level=auto
1785640294.030	sclk=600	mclk=-	fclk=-	socclk=600	busy=0	power_mw=13008	cpu=1757|2524|3611	level=auto
1785640295.052	sclk=600	mclk=-	fclk=-	socclk=600	busy=0	power_mw=13038	cpu=1776|3068|3614	level=auto
1785640296.075	sclk=600	mclk=-	fclk=-	socclk=600	busy=0	power_mw=13063	cpu=1793|3329|3615	level=auto
1785640297.096	sclk=600	mclk=-	fclk=-	socclk=600	busy=0	power_mw=13085	cpu=1778|3069|3609	level=auto
1785640298.118	sclk=609	mclk=-	fclk=-	socclk=-	busy=0	power_mw=16081	cpu=1775|2667|3569	level=auto
1785640299.147	sclk=603	mclk=-	fclk=-	socclk=-	busy=0	power_mw=14067	cpu=1775|2732|3611	level=auto
1785640300.171	sclk=601	mclk=-	fclk=-	socclk=600	busy=0	power_mw=14011	cpu=2000|2602|3612	level=auto
1785640301.199	sclk=600	mclk=-	fclk=-	socclk=600	busy=0	power_mw=13083	cpu=1776|2629|3596	level=auto
1785640302.221	sclk=600	mclk=-	fclk=-	socclk=600	busy=0	power_mw=16047	cpu=2000|3448|3557	level=auto
1785640303.242	sclk=600	mclk=-	fclk=-	socclk=600	busy=0	power_mw=15009	cpu=1774|2583|3611	level=auto
1785640304.266	sclk=600	mclk=-	fclk=-	socclk=600	busy=0	power_mw=14010	cpu=1789|3213|3589	level=auto
1785640305.287	sclk=600	mclk=-	fclk=-	socclk=600	busy=0	power_mw=13035	cpu=1799|3207|3602	level=auto
1785640306.307	sclk=658	mclk=-	fclk=-	socclk=-	busy=1	power_mw=16003	cpu=1831|2859|3594	level=auto
1785640307.330	sclk=621	mclk=-	fclk=-	socclk=-	busy=0	power_mw=15093	cpu=1710|3133|5080	level=auto
1785640308.352	sclk=608	mclk=-	fclk=-	socclk=-	busy=0	power_mw=25002	cpu=1654|3001|4977	level=auto
1785640309.377	sclk=633	mclk=-	fclk=-	socclk=-	busy=0	power_mw=41002	cpu=1842|4334|5105	level=auto
1785640310.392	sclk=612	mclk=-	fclk=-	socclk=-	busy=0	power_mw=54019	cpu=2000|4395|5008	level=auto
1785640311.412	sclk=604	mclk=1000	fclk=-	socclk=-	busy=0	power_mw=58085	cpu=2000|4513|4939	level=auto
1785640312.434	sclk=602	mclk=1000	fclk=-	socclk=-	busy=0	power_mw=59076	cpu=1555|4388|4940	level=auto
1785640313.453	sclk=601	mclk=1000	fclk=-	socclk=-	busy=0	power_mw=59013	cpu=1667|4121|5035	level=auto
1785640314.469	sclk=600	mclk=1000	fclk=-	socclk=-	busy=0	power_mw=59020	cpu=1581|4640|5014	level=auto
1785640315.487	sclk=605	mclk=1000	fclk=-	socclk=-	busy=0	power_mw=60020	cpu=2000|4433|5059	level=auto
1785640316.500	sclk=602	mclk=1000	fclk=2000	socclk=-	busy=0	power_mw=58091	cpu=2000|4200|4923	level=auto
1785640317.520	sclk=613	mclk=1000	fclk=2000	socclk=-	busy=0	power_mw=58013	cpu=1597|3975|5072	level=auto
1785640318.534	sclk=605	mclk=1000	fclk=2000	socclk=-	busy=0	power_mw=59046	cpu=1570|3953|4991	level=auto
1785640319.555	sclk=607	mclk=1000	fclk=2000	socclk=-	busy=0	power_mw=60047	cpu=1577|3717|5018	level=auto
1785640320.574	sclk=613	mclk=1000	fclk=2000	socclk=-	busy=0	power_mw=59047	cpu=1613|3822|5025	level=auto
1785640321.590	sclk=609	mclk=1000	fclk=2000	socclk=-	busy=0	power_mw=58086	cpu=2000|4179|4905	level=auto
1785640322.610	sclk=603	mclk=1000	fclk=2000	socclk=-	busy=0	power_mw=59045	cpu=1583|3867|5048	level=auto
1785640323.627	sclk=601	mclk=1000	fclk=2000	socclk=-	busy=0	power_mw=59049	cpu=2000|4344|5100	level=auto
1785640324.648	sclk=600	mclk=1000	fclk=2000	socclk=-	busy=0	power_mw=58084	cpu=1569|3856|4934	level=auto
1785640325.671	sclk=600	mclk=1000	fclk=2000	socclk=-	busy=0	power_mw=60009	cpu=1566|4166|4952	level=auto
1785640326.695	sclk=600	mclk=1000	fclk=-	socclk=-	busy=0	power_mw=58084	cpu=1551|3779|4956	level=auto
1785640327.712	sclk=600	mclk=1000	fclk=2000	socclk=-	busy=0	power_mw=59036	cpu=1706|4275|5009	level=auto
1785640328.727	sclk=600	mclk=1000	fclk=2000	socclk=-	busy=0	power_mw=59048	cpu=1555|3721|4905	level=auto
1785640329.749	sclk=600	mclk=1000	fclk=-	socclk=-	busy=0	power_mw=60018	cpu=1578|3694|4988	level=auto
1785640330.770	sclk=600	mclk=1000	fclk=2000	socclk=-	busy=0	power_mw=59085	cpu=1587|3924|5060	level=auto
1785640331.788	sclk=600	mclk=1000	fclk=2000	socclk=-	busy=0	power_mw=60012	cpu=1561|4098|4953	level=auto
1785640332.814	sclk=600	mclk=1000	fclk=2000	socclk=-	busy=0	power_mw=59064	cpu=1657|4229|4915	level=auto
1785640333.836	sclk=600	mclk=1000	fclk=2000	socclk=-	busy=0	power_mw=59074	cpu=2000|4314|5102	level=auto
1785640334.853	sclk=600	mclk=1000	fclk=2000	socclk=-	busy=0	power_mw=59084	cpu=1571|4284|4957	level=auto
1785640335.878	sclk=600	mclk=1000	fclk=2000	socclk=-	busy=0	power_mw=59035	cpu=1560|4072|4959	level=auto
1785640336.897	sclk=609	mclk=1000	fclk=2000	socclk=-	busy=0	power_mw=59093	cpu=2000|3938|4990	level=auto
1785640337.916	sclk=603	mclk=1000	fclk=2000	socclk=-	busy=0	power_mw=60005	cpu=1602|3616|5073	level=auto
1785640338.933	sclk=601	mclk=1000	fclk=2000	socclk=-	busy=0	power_mw=59089	cpu=1586|3295|5063	level=auto
1785640339.950	sclk=600	mclk=1000	fclk=2000	socclk=-	busy=0	power_mw=58047	cpu=1560|3859|5002	level=auto
1785640340.971	sclk=600	mclk=1000	fclk=-	socclk=-	busy=0	power_mw=58022	cpu=1564|3933|5010	level=auto
1785640341.992	sclk=600	mclk=1000	fclk=2000	socclk=-	busy=0	power_mw=58066	cpu=1718|4322|5065	level=auto
1785640343.011	sclk=608	mclk=1000	fclk=2000	socclk=-	busy=0	power_mw=59085	cpu=2000|4309|5040	level=auto
1785640344.029	sclk=603	mclk=1000	fclk=2000	socclk=-	busy=0	power_mw=59075	cpu=2000|4596|5033	level=auto
1785640345.051	sclk=601	mclk=1000	fclk=2000	socclk=-	busy=0	power_mw=61044	cpu=1582|3880|4992	level=auto
1785640346.068	sclk=600	mclk=1000	fclk=2000	socclk=-	busy=0	power_mw=60058	cpu=1693|4202|5094	level=auto
1785640347.085	sclk=600	mclk=1000	fclk=2000	socclk=-	busy=0	power_mw=60042	cpu=1622|4313|4889	level=auto
1785640348.108	sclk=600	mclk=1000	fclk=2000	socclk=-	busy=0	power_mw=59025	cpu=1535|3815|4926	level=auto
1785640349.129	sclk=600	mclk=1000	fclk=2000	socclk=-	busy=0	power_mw=57088	cpu=1561|3820|4922	level=auto
1785640350.149	sclk=600	mclk=1000	fclk=2000	socclk=-	busy=0	power_mw=58021	cpu=1802|3927|4900	level=auto
1785640351.171	sclk=600	mclk=1000	fclk=-	socclk=-	busy=0	power_mw=57037	cpu=1548|3804|4932	level=auto
1785640352.188	sclk=600	mclk=1000	fclk=-	socclk=-	busy=0	power_mw=57065	cpu=1547|3930|4946	level=auto
1785640353.208	sclk=600	mclk=1000	fclk=2000	socclk=-	busy=0	power_mw=57098	cpu=2000|4633|5036	level=auto
1785640354.226	sclk=600	mclk=1000	fclk=2000	socclk=-	busy=0	power_mw=58025	cpu=1567|4413|4939	level=auto
1785640355.243	sclk=600	mclk=1000	fclk=2000	socclk=-	busy=0	power_mw=59022	cpu=1646|4346|4975	level=auto
1785640356.259	sclk=600	mclk=1000	fclk=2000	socclk=-	busy=0	power_mw=59011	cpu=1566|4538|4945	level=auto
1785640357.282	sclk=600	mclk=1000	fclk=2000	socclk=-	busy=0	power_mw=58074	cpu=1579|4090|5024	level=auto
1785640358.298	sclk=600	mclk=1000	fclk=2000	socclk=-	busy=0	power_mw=58000	cpu=1809|4515|5035	level=auto
1785640359.313	sclk=600	mclk=1000	fclk=2000	socclk=-	busy=0	power_mw=59076	cpu=1569|4387|4972	level=auto
1785640360.329	sclk=600	mclk=1000	fclk=2000	socclk=-	busy=0	power_mw=59094	cpu=1635|4418|5043	level=auto
1785640361.344	sclk=600	mclk=1000	fclk=-	socclk=-	busy=0	power_mw=59072	cpu=1777|4581|5037	level=auto
1785640362.359	sclk=600	mclk=1000	fclk=-	socclk=-	busy=0	power_mw=59050	cpu=1572|4084|5021	level=auto
1785640363.380	sclk=600	mclk=1000	fclk=-	socclk=-	busy=0	power_mw=60031	cpu=1667|4202|4908	level=auto
1785640364.398	sclk=600	mclk=1000	fclk=2000	socclk=-	busy=0	power_mw=60071	cpu=1583|3754|5004	level=auto
1785640365.417	sclk=600	mclk=1000	fclk=2000	socclk=-	busy=0	power_mw=58090	cpu=1642|4324|4893	level=auto
1785640366.435	sclk=613	mclk=1000	fclk=-	socclk=-	busy=0	power_mw=41091	cpu=1384|3457|4938	level=auto
1785640367.455	sclk=605	mclk=1000	fclk=-	socclk=-	busy=0	power_mw=39031	cpu=1624|3456|4930	level=auto
1785640368.478	sclk=602	mclk=1000	fclk=-	socclk=-	busy=0	power_mw=38052	cpu=1744|3186|4875	level=auto
1785640369.502	sclk=601	mclk=1000	fclk=-	socclk=-	busy=0	power_mw=37016	cpu=1748|2948|4919	level=auto
1785640370.523	sclk=600	mclk=1000	fclk=-	socclk=-	busy=0	power_mw=40006	cpu=2000|4001|4915	level=auto
1785640371.543	sclk=600	mclk=-	fclk=-	socclk=-	busy=0	power_mw=33008	cpu=1705|2642|5142	level=auto
1785640372.565	sclk=645	mclk=-	fclk=-	socclk=-	busy=0	power_mw=23081	cpu=1832|2820|4039	level=auto
1785640373.587	sclk=616	mclk=-	fclk=-	socclk=-	busy=0	power_mw=16098	cpu=1923|3008|3706	level=auto
1785640374.608	sclk=611	mclk=-	fclk=-	socclk=-	busy=0	power_mw=14052	cpu=1773|2781|3564	level=auto
1785640375.630	sclk=604	mclk=-	fclk=-	socclk=-	busy=0	power_mw=14020	cpu=1778|2944|3568	level=auto
1785640376.654	sclk=601	mclk=-	fclk=-	socclk=600	busy=0	power_mw=13057	cpu=1756|2710|3609	level=auto
1785640377.674	sclk=601	mclk=-	fclk=-	socclk=600	busy=0	power_mw=12098	cpu=1777|2729|3565	level=auto
1785640378.696	sclk=600	mclk=-	fclk=-	socclk=600	busy=0	power_mw=12042	cpu=1754|2927|3567	level=auto
1785640379.719	sclk=610	mclk=-	fclk=-	socclk=-	busy=0	power_mw=12024	cpu=1774|2675|3567	level=auto
1785640380.743	sclk=613	mclk=-	fclk=-	socclk=-	busy=0	power_mw=13015	cpu=1779|2717|3566	level=auto
1785640381.765	sclk=610	mclk=-	fclk=-	socclk=-	busy=0	power_mw=12082	cpu=1773|2824|3566	level=auto
1785640382.789	sclk=604	mclk=-	fclk=-	socclk=-	busy=0	power_mw=12058	cpu=1759|2425|3567	level=auto
1785640383.813	sclk=601	mclk=-	fclk=-	socclk=600	busy=0	power_mw=12087	cpu=1782|2754|3580	level=auto
1785640384.835	sclk=600	mclk=-	fclk=-	socclk=600	busy=0	power_mw=12098	cpu=1759|2419|3568	level=auto
1785640385.855	sclk=600	mclk=-	fclk=-	socclk=600	busy=0	power_mw=12094	cpu=1773|2649|3558	level=auto
1785640386.879	sclk=600	mclk=-	fclk=-	socclk=600	busy=0	power_mw=12095	cpu=1748|2284|3593	level=auto
1785640387.905	sclk=600	mclk=-	fclk=-	socclk=600	busy=0	power_mw=12078	cpu=1768|2400|3603	level=auto
1785640388.930	sclk=600	mclk=-	fclk=-	socclk=600	busy=0	power_mw=12029	cpu=1752|2443|3562	level=auto
1785640389.954	sclk=600	mclk=-	fclk=-	socclk=600	busy=0	power_mw=12030	cpu=1749|2451|3557	level=auto
1785640390.980	sclk=600	mclk=-	fclk=-	socclk=600	busy=0	power_mw=11076	cpu=1748|2556|3557	level=auto
1785640392.005	sclk=600	mclk=-	fclk=-	socclk=600	busy=0	power_mw=12013	cpu=1745|2648|3607	level=auto
1785640393.028	sclk=600	mclk=-	fclk=-	socclk=600	busy=0	power_mw=12066	cpu=1818|2981|3606	level=auto
1785640394.047	sclk=600	mclk=-	fclk=-	socclk=600	busy=0	power_mw=12071	cpu=1758|2689|3557	level=auto
1785640395.073	sclk=600	mclk=-	fclk=-	socclk=600	busy=0	power_mw=12014	cpu=1748|2501|3562	level=auto
1785640396.097	sclk=600	mclk=-	fclk=-	socclk=600	busy=0	power_mw=12063	cpu=1759|2475|3564	level=auto
1785640397.119	sclk=600	mclk=-	fclk=-	socclk=600	busy=0	power_mw=14025	cpu=1771|3034|3570	level=auto
1785640398.140	sclk=600	mclk=-	fclk=-	socclk=600	busy=0	power_mw=12086	cpu=1742|2962|3564	level=auto
1785640399.162	sclk=600	mclk=-	fclk=-	socclk=600	busy=0	power_mw=12057	cpu=1757|2599|3570	level=auto
1785640400.187	sclk=600	mclk=-	fclk=-	socclk=600	busy=0	power_mw=12047	cpu=1775|2368|3562	level=auto
1785640401.207	sclk=600	mclk=-	fclk=-	socclk=600	busy=0	power_mw=11087	cpu=1745|3051|3562	level=auto
1785640402.229	sclk=600	mclk=-	fclk=-	socclk=600	busy=0	power_mw=12021	cpu=1770|2421|3595	level=auto
1785640403.253	sclk=625	mclk=-	fclk=-	socclk=-	busy=0	power_mw=12085	cpu=1767|2715|3573	level=auto
1785640404.275	sclk=609	mclk=-	fclk=-	socclk=-	busy=0	power_mw=12059	cpu=1751|2327|3561	level=auto
1785640405.297	sclk=606	mclk=-	fclk=-	socclk=-	busy=0	power_mw=12054	cpu=1754|2824|3559	level=auto
1785640406.319	sclk=602	mclk=-	fclk=-	socclk=600	busy=0	power_mw=12047	cpu=1740|2512|3555	level=auto
1785640407.344	sclk=601	mclk=-	fclk=-	socclk=600	busy=0	power_mw=12065	cpu=1765|2581|3557	level=auto
1785640408.371	sclk=600	mclk=-	fclk=-	socclk=600	busy=0	power_mw=12008	cpu=1751|2503|3577	level=auto
1785640409.394	sclk=600	mclk=-	fclk=-	socclk=600	busy=0	power_mw=11081	cpu=1742|2794|3575	level=auto
1785640410.419	sclk=600	mclk=-	fclk=-	socclk=600	busy=0	power_mw=11053	cpu=1755|2707|3559	level=auto
1785640411.447	sclk=600	mclk=-	fclk=-	socclk=600	busy=0	power_mw=11071	cpu=1769|3109|3558	level=auto
1785640412.468	sclk=600	mclk=-	fclk=-	socclk=600	busy=0	power_mw=12005	cpu=1737|2727|3595	level=auto
1785640413.489	sclk=600	mclk=-	fclk=-	socclk=600	busy=0	power_mw=12011	cpu=1772|2791|3566	level=auto
1785640414.510	sclk=600	mclk=-	fclk=-	socclk=600	busy=0	power_mw=11086	cpu=1769|2502|3559	level=auto
1785640415.533	sclk=600	mclk=-	fclk=-	socclk=600	busy=0	power_mw=12028	cpu=1767|2518|3599	level=auto
1785640416.556	sclk=600	mclk=-	fclk=-	socclk=600	busy=0	power_mw=12086	cpu=1769|2769|3559	level=auto
1785640417.578	sclk=600	mclk=-	fclk=-	socclk=600	busy=0	power_mw=12069	cpu=1788|2460|3607	level=auto
1785640418.603	sclk=600	mclk=-	fclk=-	socclk=600	busy=0	power_mw=12037	cpu=1772|2635|3559	level=auto
1785640419.626	sclk=600	mclk=-	fclk=-	socclk=600	busy=0	power_mw=12053	cpu=1947|2923|3611	level=auto
1785640420.647	sclk=600	mclk=-	fclk=-	socclk=600	busy=0	power_mw=12057	cpu=1766|3159|3561	level=auto
1785640421.670	sclk=600	mclk=-	fclk=-	socclk=600	busy=0	power_mw=12053	cpu=1779|2840|3569	level=auto
1785640422.691	sclk=600	mclk=-	fclk=-	socclk=600	busy=0	power_mw=12027	cpu=1774|2729|3558	level=auto
1785640423.713	sclk=600	mclk=-	fclk=-	socclk=600	busy=0	power_mw=12044	cpu=1775|2758|3573	level=auto
1785640424.734	sclk=600	mclk=-	fclk=-	socclk=600	busy=0	power_mw=12030	cpu=1755|2635|3601	level=auto
1785640425.762	sclk=600	mclk=-	fclk=-	socclk=600	busy=0	power_mw=12057	cpu=1775|2619|3610	level=auto
1785640426.788	sclk=600	mclk=-	fclk=-	socclk=600	busy=0	power_mw=12065	cpu=1780|3055|3581	level=auto
1785640427.811	sclk=600	mclk=-	fclk=-	socclk=600	busy=0	power_mw=11089	cpu=1747|3125|3576	level=auto
1785640428.832	sclk=600	mclk=-	fclk=-	socclk=600	busy=0	power_mw=11080	cpu=1744|2652|3566	level=auto
1785640429.854	sclk=600	mclk=-	fclk=-	socclk=600	busy=0	power_mw=11099	cpu=1775|2396|3568	level=auto
1785640430.877	sclk=600	mclk=-	fclk=-	socclk=600	busy=0	power_mw=11053	cpu=1781|2546|3557	level=auto
1785640431.904	sclk=600	mclk=-	fclk=-	socclk=600	busy=0	power_mw=12026	cpu=1792|2426|3601	level=auto
1785640432.932	sclk=600	mclk=-	fclk=-	socclk=600	busy=0	power_mw=12075	cpu=1771|2486|3598	level=auto
1785640433.957	sclk=600	mclk=-	fclk=-	socclk=600	busy=0	power_mw=12053	cpu=1748|3045|3608	level=auto
1785640434.978	sclk=600	mclk=-	fclk=-	socclk=600	busy=0	power_mw=12054	cpu=1774|2888|3564	level=auto
1785640435.999	sclk=600	mclk=-	fclk=-	socclk=600	busy=0	power_mw=12024	cpu=1791|2886|3591	level=auto
1785640437.019	sclk=600	mclk=-	fclk=-	socclk=600	busy=0	power_mw=12062	cpu=2000|3357|3570	level=auto
1785640438.040	sclk=600	mclk=-	fclk=-	socclk=600	busy=0	power_mw=12075	cpu=1772|2550|3573	level=auto
1785640439.060	sclk=600	mclk=-	fclk=-	socclk=600	busy=0	power_mw=11088	cpu=1777|2548|3563	level=auto
1785640440.085	sclk=611	mclk=-	fclk=-	socclk=-	busy=0	power_mw=11065	cpu=1768|2623|3565	level=auto
1785640441.108	sclk=610	mclk=-	fclk=-	socclk=-	busy=0	power_mw=11073	cpu=1782|2840|3568	level=auto
1785640442.135	sclk=604	mclk=-	fclk=-	socclk=-	busy=0	power_mw=12014	cpu=1782|2680|3568	level=auto
1785640443.155	sclk=601	mclk=-	fclk=-	socclk=600	busy=0	power_mw=12044	cpu=1775|2984|3567	level=auto
1785640444.178	sclk=600	mclk=-	fclk=-	socclk=600	busy=0	power_mw=12084	cpu=1798|2720|3606	level=auto
1785640445.198	sclk=606	mclk=-	fclk=-	socclk=-	busy=0	power_mw=12078	cpu=2000|3063|3565	level=auto
1785640446.223	sclk=602	mclk=-	fclk=-	socclk=600	busy=0	power_mw=12085	cpu=1798|2549|3611	level=auto
1785640447.244	sclk=601	mclk=-	fclk=-	socclk=600	busy=0	power_mw=12071	cpu=1781|2444|3571	level=auto
1785640448.268	sclk=600	mclk=-	fclk=-	socclk=600	busy=0	power_mw=12038	cpu=1795|2592|3597	level=auto
1785640449.292	sclk=600	mclk=-	fclk=-	socclk=600	busy=0	power_mw=12001	cpu=1767|2319|3570	level=auto
1785640450.316	sclk=600	mclk=-	fclk=-	socclk=600	busy=0	power_mw=11097	cpu=1753|2330|3564	level=auto
1785640451.345	sclk=600	mclk=-	fclk=-	socclk=600	busy=0	power_mw=12020	cpu=1795|2483|3597	level=auto
1785640452.368	sclk=600	mclk=-	fclk=-	socclk=600	busy=0	power_mw=12017	cpu=1773|2429|3570	level=auto
1785640453.394	sclk=600	mclk=-	fclk=-	socclk=600	busy=0	power_mw=12047	cpu=1903|2563|3570	level=auto
1785640454.423	sclk=600	mclk=-	fclk=-	socclk=600	busy=0	power_mw=12068	cpu=1795|2505|3579	level=auto
1785640455.444	sclk=600	mclk=-	fclk=-	socclk=600	busy=0	power_mw=14000	cpu=1751|2705|3608	level=auto
1785640456.465	sclk=600	mclk=-	fclk=-	socclk=600	busy=0	power_mw=13006	cpu=1767|2725|3569	level=auto
1785640457.484	sclk=600	mclk=-	fclk=-	socclk=600	busy=0	power_mw=12087	cpu=1768|2962|3577	level=auto
1785640458.506	sclk=600	mclk=-	fclk=-	socclk=600	busy=0	power_mw=12080	cpu=1775|2369|3611	level=auto
1785640459.527	sclk=600	mclk=-	fclk=-	socclk=600	busy=0	power_mw=12078	cpu=1774|2592|3607	level=auto
1785640460.549	sclk=600	mclk=-	fclk=-	socclk=600	busy=0	power_mw=12070	cpu=1782|2459|3564	level=auto
1785640461.573	sclk=600	mclk=-	fclk=-	socclk=600	busy=0	power_mw=12092	cpu=1766|2636|3610	level=auto
1785640462.595	sclk=600	mclk=-	fclk=-	socclk=600	busy=0	power_mw=12055	cpu=1772|2685|3568	level=auto
1785640463.619	sclk=600	mclk=-	fclk=-	socclk=600	busy=0	power_mw=12031	cpu=1779|2817|3609	level=auto
1785640464.642	sclk=600	mclk=-	fclk=-	socclk=600	busy=0	power_mw=12058	cpu=1774|2704|3564	level=auto
1785640465.662	sclk=600	mclk=-	fclk=-	socclk=600	busy=0	power_mw=12048	cpu=1755|2982|3564	level=auto
1785640466.683	sclk=600	mclk=-	fclk=-	socclk=600	busy=0	power_mw=12009	cpu=1768|2839|3566	level=auto
1785640467.705	sclk=600	mclk=-	fclk=-	socclk=600	busy=0	power_mw=11097	cpu=1798|2542|3604	level=auto
1785640468.725	sclk=600	mclk=-	fclk=-	socclk=600	busy=0	power_mw=11073	cpu=1782|2324|3558	level=auto
1785640469.748	sclk=600	mclk=-	fclk=-	socclk=600	busy=0	power_mw=12030	cpu=1796|2984|3601	level=auto
1785640470.771	sclk=600	mclk=-	fclk=-	socclk=600	busy=0	power_mw=11085	cpu=1752|2438|3600	level=auto
1785640471.794	sclk=600	mclk=-	fclk=-	socclk=600	busy=0	power_mw=11097	cpu=1753|3099|3596	level=auto
1785640472.816	sclk=600	mclk=-	fclk=-	socclk=600	busy=0	power_mw=11097	cpu=1744|2982|3607	level=auto
1785640473.838	sclk=600	mclk=-	fclk=-	socclk=600	busy=0	power_mw=12054	cpu=1756|2739|3608	level=auto
1785640474.860	sclk=600	mclk=-	fclk=-	socclk=600	busy=0	power_mw=14000	cpu=1804|2640|3609	level=auto
1785640475.881	sclk=600	mclk=-	fclk=-	socclk=600	busy=0	power_mw=13007	cpu=1771|2721|3607	level=auto
1785640476.901	sclk=600	mclk=-	fclk=-	socclk=600	busy=0	power_mw=12086	cpu=1775|2472|3609	level=auto
1785640477.923	sclk=600	mclk=-	fclk=-	socclk=600	busy=0	power_mw=12084	cpu=1768|2432|3608	level=auto
1785640478.947	sclk=600	mclk=-	fclk=-	socclk=600	busy=0	power_mw=12048	cpu=1768|2348|3605	level=auto
1785640479.968	sclk=643	mclk=-	fclk=-	socclk=-	busy=0	power_mw=13018	cpu=1868|2656|3565	level=auto
1785640480.988	sclk=616	mclk=-	fclk=-	socclk=-	busy=0	power_mw=12097	cpu=1789|2875|3594	level=auto
1785640482.007	sclk=611	mclk=-	fclk=-	socclk=-	busy=0	power_mw=13036	cpu=1776|2937|3607	level=auto
1785640483.027	sclk=604	mclk=-	fclk=-	socclk=-	busy=0	power_mw=13048	cpu=1776|3031|3569	level=auto
1785640484.044	sclk=601	mclk=-	fclk=-	socclk=600	busy=0	power_mw=13036	cpu=1786|2786|3562	level=auto
1785640485.066	sclk=601	mclk=-	fclk=-	socclk=600	busy=0	power_mw=12079	cpu=1777|2975|3604	level=auto
1785640486.088	sclk=600	mclk=-	fclk=-	socclk=600	busy=0	power_mw=13013	cpu=1886|2436|3598	level=auto
1785640487.113	sclk=600	mclk=-	fclk=-	socclk=600	busy=0	power_mw=12069	cpu=1798|2373|3600	level=auto
1785640488.136	sclk=600	mclk=-	fclk=-	socclk=600	busy=0	power_mw=12023	cpu=1799|2979|3609	level=auto
1785640489.156	sclk=600	mclk=-	fclk=-	socclk=600	busy=0	power_mw=12072	cpu=1782|2959|3625	level=auto
1785640490.175	sclk=600	mclk=-	fclk=-	socclk=600	busy=0	power_mw=12071	cpu=1804|2312|3610	level=auto
1785640491.199	sclk=600	mclk=-	fclk=-	socclk=600	busy=0	power_mw=12012	cpu=1797|2867|3606	level=auto
1785640492.221	sclk=600	mclk=-	fclk=-	socclk=600	busy=0	power_mw=12005	cpu=1772|2419|3610	level=auto
1785640493.243	sclk=600	mclk=-	fclk=-	socclk=600	busy=0	power_mw=12051	cpu=1904|2830|3610	level=auto
1785640494.265	sclk=600	mclk=-	fclk=-	socclk=600	busy=0	power_mw=12021	cpu=1799|2573|3607	level=auto
1785640495.292	sclk=600	mclk=-	fclk=-	socclk=600	busy=0	power_mw=12048	cpu=1776|2552|3566	level=auto
1785640496.318	sclk=600	mclk=-	fclk=-	socclk=600	busy=0	power_mw=12034	cpu=1799|2386|3601	level=auto
1785640497.341	sclk=600	mclk=-	fclk=-	socclk=600	busy=0	power_mw=12085	cpu=1773|2328|3603	level=auto
1785640498.366	sclk=600	mclk=-	fclk=-	socclk=600	busy=0	power_mw=12070	cpu=1797|2461|3607	level=auto
1785640499.387	sclk=600	mclk=-	fclk=-	socclk=600	busy=0	power_mw=11090	cpu=1774|2631|3562	level=auto
1785640500.410	sclk=607	mclk=-	fclk=-	socclk=-	busy=0	power_mw=12023	cpu=1768|2548|3604	level=auto
1785640501.436	sclk=606	mclk=-	fclk=-	socclk=-	busy=0	power_mw=11058	cpu=1775|2495|3567	level=auto
1785640502.459	sclk=602	mclk=-	fclk=-	socclk=600	busy=0	power_mw=11080	cpu=1761|2438|3610	level=auto
1785640503.482	sclk=601	mclk=-	fclk=-	socclk=600	busy=0	power_mw=12046	cpu=1768|2594|3605	level=auto
1785640504.507	sclk=600	mclk=-	fclk=-	socclk=600	busy=0	power_mw=12009	cpu=1794|2965|3609	level=auto
1785640505.527	sclk=600	mclk=-	fclk=-	socclk=600	busy=0	power_mw=12054	cpu=1771|2440|3608	level=auto
1785640506.552	sclk=600	mclk=-	fclk=-	socclk=600	busy=0	power_mw=12077	cpu=1775|2638|3572	level=auto
1785640507.572	sclk=600	mclk=-	fclk=-	socclk=600	busy=0	power_mw=13053	cpu=1793|2887|3609	level=auto
1785640508.594	sclk=600	mclk=-	fclk=-	socclk=600	busy=0	power_mw=13045	cpu=1767|2687|3604	level=auto
1785640509.618	sclk=611	mclk=-	fclk=-	socclk=-	busy=0	power_mw=14010	cpu=1772|2483|3575	level=auto
1785640510.640	sclk=628	mclk=-	fclk=-	socclk=-	busy=0	power_mw=13063	cpu=1775|2783|3563	level=auto
1785640511.662	sclk=610	mclk=-	fclk=-	socclk=-	busy=0	power_mw=13037	cpu=1797|2725|3611	level=auto
1785640512.682	sclk=607	mclk=-	fclk=-	socclk=-	busy=0	power_mw=13055	cpu=1797|2965|3583	level=auto
1785640513.705	sclk=602	mclk=-	fclk=-	socclk=-	busy=0	power_mw=14018	cpu=1823|3007|3602	level=auto
1785640514.727	sclk=601	mclk=-	fclk=-	socclk=600	busy=0	power_mw=13041	cpu=1770|2868|3607	level=auto
1785640515.748	sclk=600	mclk=-	fclk=-	socclk=600	busy=0	power_mw=13015	cpu=1797|3040|3609	level=auto
1785640516.770	sclk=600	mclk=-	fclk=-	socclk=600	busy=0	power_mw=12092	cpu=1777|2438|3590	level=auto
1785640517.795	sclk=600	mclk=-	fclk=-	socclk=600	busy=0	power_mw=12069	cpu=1798|2508|3601	level=auto
1785640518.823	sclk=600	mclk=-	fclk=-	socclk=600	busy=0	power_mw=12019	cpu=1752|2533|3565	level=auto
1785640519.849	sclk=600	mclk=-	fclk=-	socclk=600	busy=0	power_mw=12025	cpu=1770|2611|3589	level=auto
1785640520.877	sclk=600	mclk=-	fclk=-	socclk=600	busy=0	power_mw=12061	cpu=1770|2757|3564	level=auto
1785640521.901	sclk=600	mclk=-	fclk=-	socclk=600	busy=0	power_mw=12076	cpu=1777|2671|3594	level=auto
1785640522.924	sclk=600	mclk=-	fclk=-	socclk=600	busy=0	power_mw=12066	cpu=1801|2917|3602	level=auto
1785640523.948	sclk=600	mclk=-	fclk=-	socclk=600	busy=0	power_mw=12096	cpu=1779|2586|3565	level=auto
1785640524.970	sclk=600	mclk=-	fclk=-	socclk=600	busy=0	power_mw=12068	cpu=1774|2488|3566	level=auto
1785640525.994	sclk=600	mclk=-	fclk=-	socclk=600	busy=0	power_mw=12066	cpu=1769|2537|3583	level=auto
1785640527.018	sclk=600	mclk=-	fclk=-	socclk=600	busy=0	power_mw=12020	cpu=1795|2877|3598	level=auto
1785640528.041	sclk=600	mclk=-	fclk=-	socclk=600	busy=0	power_mw=12024	cpu=1766|2885|3564	level=auto
1785640529.063	sclk=600	mclk=-	fclk=-	socclk=600	busy=0	power_mw=12028	cpu=1755|3034|3562	level=auto
1785640530.086	sclk=600	mclk=-	fclk=-	socclk=600	busy=0	power_mw=12052	cpu=1826|2695|3601	level=auto
1785640531.109	sclk=600	mclk=-	fclk=-	socclk=600	busy=0	power_mw=12040	cpu=1751|2431|3567	level=auto
1785640532.134	sclk=600	mclk=-	fclk=-	socclk=600	busy=0	power_mw=12009	cpu=1774|2521|3565	level=auto
1785640533.160	sclk=600	mclk=-	fclk=-	socclk=600	busy=0	power_mw=12076	cpu=1799|2697|3607	level=auto
1785640534.180	sclk=600	mclk=-	fclk=-	socclk=600	busy=0	power_mw=13016	cpu=1763|2864|3607	level=auto
1785640535.203	sclk=600	mclk=-	fclk=-	socclk=600	busy=0	power_mw=13015	cpu=1808|2777|3610	level=auto
1785640536.224	sclk=600	mclk=-	fclk=-	socclk=600	busy=0	power_mw=12076	cpu=1767|3017|3603	level=auto
1785640537.247	sclk=600	mclk=-	fclk=-	socclk=600	busy=0	power_mw=12099	cpu=1785|2829|3580	level=auto
1785640538.270	sclk=600	mclk=-	fclk=-	socclk=600	busy=0	power_mw=12093	cpu=1777|2714|3569	level=auto
1785640539.296	sclk=600	mclk=-	fclk=-	socclk=600	busy=0	power_mw=12086	cpu=1800|2770|3608	level=auto
1785640540.322	sclk=600	mclk=-	fclk=-	socclk=600	busy=0	power_mw=12056	cpu=1781|2369|3571	level=auto
1785640541.348	sclk=600	mclk=-	fclk=-	socclk=600	busy=0	power_mw=12058	cpu=1750|2535|3556	level=auto
1785640542.373	sclk=600	mclk=-	fclk=-	socclk=600	busy=0	power_mw=12009	cpu=1820|3084|3608	level=auto
1785640543.391	sclk=600	mclk=-	fclk=-	socclk=600	busy=0	power_mw=12051	cpu=1797|3026|3623	level=auto
1785640544.411	sclk=600	mclk=-	fclk=-	socclk=600	busy=0	power_mw=12049	cpu=1790|2777|3601	level=auto
1785640545.432	sclk=600	mclk=-	fclk=-	socclk=600	busy=0	power_mw=12067	cpu=1775|2867|3559	level=auto
1785640546.453	sclk=600	mclk=-	fclk=-	socclk=600	busy=0	power_mw=12065	cpu=1779|2682|3568	level=auto
1785640547.477	sclk=600	mclk=-	fclk=-	socclk=600	busy=0	power_mw=12009	cpu=1782|2427|3567	level=auto
1785640548.501	sclk=600	mclk=-	fclk=-	socclk=600	busy=0	power_mw=11071	cpu=1797|2539|3606	level=auto
1785640549.524	sclk=600	mclk=-	fclk=-	socclk=600	busy=0	power_mw=11086	cpu=1782|3114|3610	level=auto
1785640550.547	sclk=600	mclk=-	fclk=-	socclk=600	busy=0	power_mw=12005	cpu=1802|3124|3620	level=auto
1785640551.569	sclk=600	mclk=-	fclk=-	socclk=600	busy=0	power_mw=12012	cpu=1789|2619|3587	level=auto
1785640552.591	sclk=600	mclk=-	fclk=-	socclk=600	busy=0	power_mw=12017	cpu=1780|2313|3564	level=auto
1785640553.611	sclk=600	mclk=-	fclk=-	socclk=600	busy=0	power_mw=12017	cpu=1854|2736|3589	level=auto
1785640554.634	sclk=600	mclk=-	fclk=-	socclk=600	busy=0	power_mw=12045	cpu=1761|2620|3608	level=auto
1785640555.656	sclk=600	mclk=-	fclk=-	socclk=600	busy=0	power_mw=12052	cpu=1777|2610|3614	level=auto
1785640556.678	sclk=600	mclk=-	fclk=-	socclk=600	busy=0	power_mw=12025	cpu=1797|2781|3596	level=auto
1785640557.703	sclk=600	mclk=-	fclk=-	socclk=600	busy=0	power_mw=12004	cpu=1763|2745|3606	level=auto
1785640558.726	sclk=600	mclk=-	fclk=-	socclk=600	busy=0	power_mw=11097	cpu=1752|2896|3563	level=auto
1785640559.749	sclk=600	mclk=-	fclk=-	socclk=600	busy=0	power_mw=11088	cpu=1742|2902|3553	level=auto
1785640560.770	sclk=616	mclk=-	fclk=-	socclk=-	busy=0	power_mw=12030	cpu=1767|2699|3555	level=auto
1785640561.792	sclk=606	mclk=-	fclk=-	socclk=-	busy=0	power_mw=12036	cpu=1744|2775|3560	level=auto
1785640562.816	sclk=602	mclk=-	fclk=-	socclk=600	busy=0	power_mw=12047	cpu=1752|2444|3559	level=auto
1785640563.840	sclk=601	mclk=-	fclk=-	socclk=600	busy=0	power_mw=12009	cpu=1749|2509|3561	level=auto
1785640564.869	sclk=600	mclk=-	fclk=-	socclk=600	busy=0	power_mw=12008	cpu=1756|2753|3603	level=auto
1785640565.898	sclk=600	mclk=-	fclk=-	socclk=600	busy=0	power_mw=11058	cpu=1775|2940|3561	level=auto
1785640566.921	sclk=600	mclk=-	fclk=-	socclk=600	busy=0	power_mw=11048	cpu=1768|2597|3558	level=auto
1785640567.948	sclk=600	mclk=-	fclk=-	socclk=600	busy=0	power_mw=11055	cpu=1756|2398|3561	level=auto
1785640568.974	sclk=600	mclk=-	fclk=-	socclk=600	busy=0	power_mw=11015	cpu=1773|2750|3568	level=auto
1785640570.000	sclk=657	mclk=-	fclk=-	socclk=-	busy=0	power_mw=12053	cpu=1797|2479|3596	level=auto
1785640571.024	sclk=621	mclk=-	fclk=-	socclk=-	busy=0	power_mw=12041	cpu=1774|3082|3556	level=auto
1785640572.045	sclk=611	mclk=-	fclk=-	socclk=-	busy=0	power_mw=12022	cpu=1746|2867|3603	level=auto
1785640573.066	sclk=604	mclk=-	fclk=-	socclk=-	busy=0	power_mw=12033	cpu=1684|2585|3606	level=auto
1785640574.089	sclk=601	mclk=-	fclk=-	socclk=600	busy=0	power_mw=12064	cpu=1775|2755|3568	level=auto
1785640575.112	sclk=608	mclk=-	fclk=-	socclk=-	busy=0	power_mw=12047	cpu=1769|2886|3567	level=auto
1785640576.134	sclk=603	mclk=-	fclk=-	socclk=-	busy=0	power_mw=12047	cpu=1771|2450|3555	level=auto
1785640577.160	sclk=601	mclk=-	fclk=-	socclk=600	busy=0	power_mw=12042	cpu=1795|2877|3586	level=auto
1785640578.183	sclk=600	mclk=-	fclk=-	socclk=600	busy=0	power_mw=12027	cpu=1767|2611|3555	level=auto
1785640579.209	sclk=600	mclk=-	fclk=-	socclk=600	busy=0	power_mw=12031	cpu=1775|2873|3579	level=auto
1785640580.233	sclk=600	mclk=-	fclk=-	socclk=600	busy=0	power_mw=12023	cpu=1758|2508|3559	level=auto
1785640581.256	sclk=600	mclk=-	fclk=-	socclk=600	busy=0	power_mw=12043	cpu=1773|2479|3608	level=auto
1785640582.284	sclk=600	mclk=-	fclk=-	socclk=600	busy=0	power_mw=12046	cpu=1762|2634|3558	level=auto
1785640583.308	sclk=600	mclk=-	fclk=-	socclk=600	busy=0	power_mw=12032	cpu=1771|2845|3555	level=auto
1785640584.332	sclk=600	mclk=-	fclk=-	socclk=600	busy=0	power_mw=11083	cpu=1780|2338|3560	level=auto
1785640585.355	sclk=600	mclk=-	fclk=-	socclk=600	busy=0	power_mw=12010	cpu=1794|2566|3595	level=auto
1785640586.378	sclk=600	mclk=-	fclk=-	socclk=600	busy=0	power_mw=12034	cpu=1776|2908|3570	level=auto
1785640587.400	sclk=600	mclk=-	fclk=-	socclk=600	busy=0	power_mw=12019	cpu=1752|2797|3597	level=auto
1785640588.423	sclk=600	mclk=-	fclk=-	socclk=600	busy=0	power_mw=12028	cpu=1771|2829|3603	level=auto
1785640589.449	sclk=600	mclk=-	fclk=-	socclk=600	busy=0	power_mw=11071	cpu=1765|2513|3560	level=auto
1785640590.475	sclk=600	mclk=-	fclk=-	socclk=600	busy=0	power_mw=12017	cpu=1748|2418|3600	level=auto
1785640591.500	sclk=600	mclk=-	fclk=-	socclk=600	busy=0	power_mw=12042	cpu=1769|3137|3556	level=auto
1785640592.523	sclk=600	mclk=-	fclk=-	socclk=600	busy=0	power_mw=12036	cpu=1754|2479|3557	level=auto
1785640593.550	sclk=600	mclk=-	fclk=-	socclk=600	busy=0	power_mw=12012	cpu=1746|2726|3584	level=auto
1785640594.573	sclk=600	mclk=-	fclk=-	socclk=600	busy=0	power_mw=12021	cpu=1770|2822|3557	level=auto
1785640595.594	sclk=600	mclk=-	fclk=-	socclk=600	busy=0	power_mw=12030	cpu=1776|3171|3605	level=auto
1785640596.618	sclk=600	mclk=-	fclk=-	socclk=600	busy=0	power_mw=12033	cpu=1779|2608|3556	level=auto
1785640597.645	sclk=600	mclk=-	fclk=-	socclk=600	busy=0	power_mw=12030	cpu=1778|2617|3559	level=auto
1785640598.669	sclk=600	mclk=-	fclk=-	socclk=600	busy=0	power_mw=11091	cpu=1763|2819|3558	level=auto
1785640599.697	sclk=600	mclk=-	fclk=-	socclk=600	busy=0	power_mw=11059	cpu=1752|2776|3589	level=auto
1785640600.723	sclk=630	mclk=-	fclk=-	socclk=-	busy=0	power_mw=11081	cpu=1743|2909|3560	level=auto
1785640601.748	sclk=611	mclk=-	fclk=-	socclk=-	busy=0	power_mw=11063	cpu=1767|2918|3557	level=auto
1785640602.769	sclk=606	mclk=-	fclk=-	socclk=-	busy=0	power_mw=11093	cpu=1750|2867|3572	level=auto
1785640603.791	sclk=602	mclk=-	fclk=-	socclk=-	busy=0	power_mw=12045	cpu=1775|2564|3569	level=auto
1785640604.815	sclk=601	mclk=-	fclk=-	socclk=600	busy=0	power_mw=12076	cpu=1879|2445|3599	level=auto
1785640605.839	sclk=600	mclk=-	fclk=-	socclk=600	busy=0	power_mw=12075	cpu=1771|2412|3600	level=auto
1785640606.869	sclk=600	mclk=-	fclk=-	socclk=600	busy=0	power_mw=12069	cpu=1766|2481|3610	level=auto
1785640607.892	sclk=600	mclk=-	fclk=-	socclk=600	busy=0	power_mw=12044	cpu=1799|2750|3604	level=auto
1785640608.915	sclk=600	mclk=-	fclk=-	socclk=600	busy=0	power_mw=11077	cpu=1777|2632|3568	level=auto
1785640609.938	sclk=600	mclk=-	fclk=-	socclk=600	busy=0	power_mw=11081	cpu=1772|2450|3562	level=auto
1785640610.961	sclk=600	mclk=-	fclk=-	socclk=600	busy=0	power_mw=11061	cpu=1793|2850|3557	level=auto
1785640611.982	sclk=600	mclk=-	fclk=-	socclk=600	busy=0	power_mw=11062	cpu=1757|2821|3558	level=auto
1785640613.006	sclk=600	mclk=-	fclk=-	socclk=600	busy=0	power_mw=11040	cpu=1777|2514|3562	level=auto
1785640614.027	sclk=600	mclk=-	fclk=-	socclk=600	busy=0	power_mw=10000	cpu=1744|3193|3558	level=auto
1785640615.047	sclk=600	mclk=-	fclk=-	socclk=600	busy=0	power_mw=9098	cpu=1793|2417|3594	level=auto
1785640616.077	sclk=600	mclk=-	fclk=-	socclk=600	busy=0	power_mw=11012	cpu=1756|2482|3597	level=auto
1785640617.104	sclk=600	mclk=-	fclk=-	socclk=600	busy=0	power_mw=11083	cpu=1747|2967|3587	level=auto
1785640618.127	sclk=600	mclk=-	fclk=-	socclk=600	busy=0	power_mw=11099	cpu=1772|2820|3613	level=auto
1785640619.149	sclk=600	mclk=-	fclk=-	socclk=600	busy=0	power_mw=11088	cpu=1773|2919|3560	level=auto
1785640620.172	sclk=600	mclk=-	fclk=-	socclk=600	busy=0	power_mw=11065	cpu=1758|2347|3559	level=auto
1785640621.196	sclk=609	mclk=-	fclk=-	socclk=-	busy=0	power_mw=11036	cpu=1754|3017|3601	level=auto
1785640622.221	sclk=603	mclk=-	fclk=-	socclk=-	busy=0	power_mw=11017	cpu=1768|3115|3556	level=auto
1785640623.244	sclk=601	mclk=-	fclk=-	socclk=600	busy=0	power_mw=12007	cpu=1753|2431|3555	level=auto
1785640624.269	sclk=600	mclk=-	fclk=-	socclk=600	busy=0	power_mw=10056	cpu=1746|2722|3611	level=auto
1785640625.294	sclk=600	mclk=-	fclk=-	socclk=600	busy=0	power_mw=9096	cpu=1757|2534|3548	level=auto
1785640626.325	sclk=600	mclk=-	fclk=-	socclk=600	busy=0	power_mw=9076	cpu=1749|2579|3570	level=auto
1785640627.353	sclk=600	mclk=-	fclk=-	socclk=600	busy=0	power_mw=10038	cpu=1758|2430|3563	level=auto
1785640628.379	sclk=600	mclk=-	fclk=-	socclk=600	busy=0	power_mw=11022	cpu=1772|2599|3556	level=auto
1785640629.404	sclk=607	mclk=-	fclk=-	socclk=-	busy=0	power_mw=11098	cpu=1755|2962|3557	level=auto
1785640630.426	sclk=602	mclk=-	fclk=-	socclk=600	busy=0	power_mw=11082	cpu=1798|2887|3607	level=auto
1785640631.449	sclk=601	mclk=-	fclk=-	socclk=600	busy=0	power_mw=12027	cpu=1769|2859|3601	level=auto
1785640632.475	sclk=603	mclk=-	fclk=-	socclk=-	busy=0	power_mw=11098	cpu=1774|2621|3566	level=auto
1785640633.496	sclk=601	mclk=-	fclk=-	socclk=600	busy=0	power_mw=12014	cpu=1772|2883|3555	level=auto
1785640634.520	sclk=600	mclk=-	fclk=-	socclk=600	busy=0	power_mw=12014	cpu=1774|2541|3592	level=auto
1785640635.543	sclk=600	mclk=-	fclk=-	socclk=600	busy=0	power_mw=12017	cpu=1760|2973|3611	level=auto
1785640636.567	sclk=612	mclk=-	fclk=-	socclk=-	busy=0	power_mw=12044	cpu=1758|2887|3560	level=auto
1785640637.590	sclk=604	mclk=-	fclk=-	socclk=-	busy=0	power_mw=12033	cpu=1803|2847|3607	level=auto
1785640638.614	sclk=602	mclk=-	fclk=-	socclk=600	busy=0	power_mw=13012	cpu=1770|2682|3561	level=auto
1785640639.640	sclk=611	mclk=-	fclk=-	socclk=-	busy=0	power_mw=12027	cpu=1775|2505|3564	level=auto
1785640640.670	sclk=604	mclk=-	fclk=-	socclk=-	busy=0	power_mw=12013	cpu=1760|2482|3604	level=auto
1785640641.693	sclk=601	mclk=-	fclk=-	socclk=600	busy=0	power_mw=12016	cpu=1769|2592|3566	level=auto
1785640642.716	sclk=600	mclk=-	fclk=-	socclk=600	busy=0	power_mw=12001	cpu=1774|2602|3561	level=auto
1785640643.739	sclk=600	mclk=-	fclk=-	socclk=600	busy=0	power_mw=12048	cpu=1775|2954|3611	level=auto
1785640644.759	sclk=600	mclk=-	fclk=-	socclk=600	busy=0	power_mw=12047	cpu=1761|3028|3560	level=auto
1785640645.782	sclk=600	mclk=-	fclk=-	socclk=600	busy=0	power_mw=12033	cpu=1773|2798|3608	level=auto
1785640646.808	sclk=600	mclk=-	fclk=-	socclk=600	busy=0	power_mw=12052	cpu=1775|2544|3555	level=auto
1785640647.834	sclk=600	mclk=-	fclk=-	socclk=600	busy=0	power_mw=13003	cpu=1774|2637|3554	level=auto
1785640648.865	sclk=600	mclk=-	fclk=-	socclk=600	busy=0	power_mw=12075	cpu=1792|2549|3598	level=auto
1785640649.889	sclk=600	mclk=-	fclk=-	socclk=600	busy=0	power_mw=12046	cpu=1818|3237|3594	level=auto
1785640650.911	sclk=600	mclk=-	fclk=-	socclk=600	busy=0	power_mw=12032	cpu=1776|2641|3612	level=auto
1785640651.935	sclk=600	mclk=-	fclk=-	socclk=600	busy=0	power_mw=12003	cpu=1775|2430|3568	level=auto
1785640652.959	sclk=600	mclk=-	fclk=-	socclk=600	busy=0	power_mw=11094	cpu=1774|2512|3561	level=auto
1785640653.980	sclk=600	mclk=-	fclk=-	socclk=600	busy=0	power_mw=12002	cpu=1835|2640|3565	level=auto
1785640655.000	sclk=600	mclk=-	fclk=-	socclk=600	busy=0	power_mw=12022	cpu=1775|2796|3609	level=auto
1785640656.021	sclk=600	mclk=-	fclk=-	socclk=600	busy=0	power_mw=12034	cpu=1774|3046|3570	level=auto
1785640657.042	sclk=600	mclk=-	fclk=-	socclk=600	busy=0	power_mw=12032	cpu=1755|2496|3553	level=auto
1785640658.064	sclk=600	mclk=-	fclk=-	socclk=600	busy=0	power_mw=12032	cpu=1766|3076|3588	level=auto
1785640659.088	sclk=600	mclk=-	fclk=-	socclk=600	busy=0	power_mw=12019	cpu=1778|2941|3563	level=auto
1785640660.110	sclk=600	mclk=-	fclk=-	socclk=600	busy=0	power_mw=13002	cpu=1773|2817|3603	level=auto
1785640661.133	sclk=600	mclk=-	fclk=-	socclk=600	busy=0	power_mw=11075	cpu=1798|2910|3601	level=auto
1785640662.158	sclk=600	mclk=-	fclk=-	socclk=600	busy=0	power_mw=11021	cpu=1776|2448|3574	level=auto
1785640663.182	sclk=600	mclk=-	fclk=-	socclk=600	busy=0	power_mw=11071	cpu=1746|2855|3602	level=auto
1785640664.206	sclk=600	mclk=-	fclk=-	socclk=600	busy=0	power_mw=11079	cpu=1756|2750|3607	level=auto
1785640665.230	sclk=600	mclk=-	fclk=-	socclk=600	busy=0	power_mw=11085	cpu=1788|2990|3611	level=auto
1785640666.251	sclk=600	mclk=-	fclk=-	socclk=600	busy=0	power_mw=11094	cpu=1842|3077|3610	level=auto
1785640667.270	sclk=624	mclk=-	fclk=-	socclk=-	busy=0	power_mw=12035	cpu=1800|2648|3608	level=auto
1785640668.289	sclk=609	mclk=-	fclk=-	socclk=-	busy=0	power_mw=11093	cpu=1776|2660|3611	level=auto
1785640669.313	sclk=606	mclk=-	fclk=-	socclk=-	busy=0	power_mw=11080	cpu=1802|2429|3601	level=auto
1785640670.339	sclk=602	mclk=-	fclk=-	socclk=600	busy=0	power_mw=12015	cpu=1774|2627|3607	level=auto
1785640671.364	sclk=601	mclk=-	fclk=-	socclk=600	busy=0	power_mw=12002	cpu=1762|2588|3611	level=auto
1785640672.392	sclk=600	mclk=-	fclk=-	socclk=600	busy=0	power_mw=13018	cpu=1802|2902|3604	level=auto
1785640673.417	sclk=600	mclk=-	fclk=-	socclk=600	busy=0	power_mw=11003	cpu=1796|2488|3601	level=auto
1785640674.443	sclk=600	mclk=-	fclk=-	socclk=600	busy=0	power_mw=11067	cpu=1856|2866|3610	level=auto
1785640675.464	sclk=600	mclk=-	fclk=-	socclk=600	busy=0	power_mw=12010	cpu=1776|2503|3610	level=auto
1785640676.490	sclk=600	mclk=-	fclk=-	socclk=600	busy=0	power_mw=11079	cpu=1742|2709|3610	level=auto
1785640677.514	sclk=600	mclk=-	fclk=-	socclk=600	busy=0	power_mw=12019	cpu=1797|2478|3602	level=auto
1785640678.538	sclk=600	mclk=-	fclk=-	socclk=600	busy=0	power_mw=13006	cpu=1775|2710|3609	level=auto
1785640679.563	sclk=600	mclk=-	fclk=-	socclk=600	busy=0	power_mw=13029	cpu=1772|2901|3594	level=auto
1785640680.584	sclk=613	mclk=-	fclk=-	socclk=-	busy=0	power_mw=12039	cpu=1777|2931|3564	level=auto
1785640681.610	sclk=606	mclk=-	fclk=-	socclk=-	busy=0	power_mw=12036	cpu=1777|2826|3558	level=auto
1785640682.632	sclk=602	mclk=-	fclk=-	socclk=600	busy=0	power_mw=12049	cpu=1775|2908|3611	level=auto
1785640683.657	sclk=601	mclk=-	fclk=-	socclk=600	busy=0	power_mw=12023	cpu=1773|2359|3558	level=auto
1785640684.679	sclk=600	mclk=-	fclk=-	socclk=600	busy=0	power_mw=12023	cpu=1793|2534|3588	level=auto
1785640685.702	sclk=600	mclk=-	fclk=-	socclk=600	busy=0	power_mw=11075	cpu=1866|2391|3610	level=auto
1785640686.728	sclk=600	mclk=-	fclk=-	socclk=600	busy=0	power_mw=11060	cpu=1774|2775|3570	level=auto
1785640687.754	sclk=600	mclk=-	fclk=-	socclk=600	busy=0	power_mw=11080	cpu=1791|2739|3583	level=auto
1785640688.780	sclk=600	mclk=-	fclk=-	socclk=600	busy=0	power_mw=11099	cpu=1802|2881|3608	level=auto
1785640689.803	sclk=600	mclk=-	fclk=-	socclk=600	busy=0	power_mw=12048	cpu=1797|2989|3604	level=auto
1785640690.827	sclk=600	mclk=-	fclk=-	socclk=600	busy=0	power_mw=13050	cpu=1777|2463|3605	level=auto
1785640691.850	sclk=600	mclk=-	fclk=-	socclk=600	busy=0	power_mw=13005	cpu=1773|2913|3608	level=auto
1785640692.872	sclk=600	mclk=-	fclk=-	socclk=600	busy=0	power_mw=12075	cpu=1777|2314|3595	level=auto
1785640693.896	sclk=600	mclk=-	fclk=-	socclk=600	busy=0	power_mw=12058	cpu=1749|2351|3610	level=auto
