1785640296.249	sclk=600	mclk=-	fclk=-	socclk=600	busy=0	power_mw=14005	cpu=1783|3058|3610	level=auto
1785640297.266	sclk=600	mclk=-	fclk=-	socclk=600	busy=0	power_mw=14004	cpu=1806|3153|3612	level=auto
1785640298.284	sclk=608	mclk=-	fclk=-	socclk=-	busy=0	power_mw=16043	cpu=1775|2668|3572	level=auto
1785640299.307	sclk=603	mclk=-	fclk=-	socclk=-	busy=0	power_mw=14087	cpu=1804|2988|3617	level=auto
1785640300.327	sclk=601	mclk=-	fclk=-	socclk=600	busy=0	power_mw=14042	cpu=1776|2767|3613	level=auto
1785640301.351	sclk=600	mclk=-	fclk=-	socclk=600	busy=0	power_mw=13094	cpu=1773|2467|3580	level=auto
1785640302.374	sclk=600	mclk=-	fclk=-	socclk=600	busy=0	power_mw=17037	cpu=2000|3382|3557	level=auto
1785640303.391	sclk=600	mclk=-	fclk=-	socclk=600	busy=0	power_mw=15027	cpu=1776|2883|3607	level=auto
1785640304.413	sclk=600	mclk=-	fclk=-	socclk=600	busy=0	power_mw=14008	cpu=1772|2923|3577	level=auto
1785640305.435	sclk=600	mclk=-	fclk=-	socclk=600	busy=0	power_mw=13077	cpu=1751|2911|3602	level=auto
1785640306.457	sclk=650	mclk=-	fclk=-	socclk=-	busy=1	power_mw=15071	cpu=1800|2708|3614	level=auto
1785640307.480	sclk=618	mclk=-	fclk=-	socclk=-	busy=0	power_mw=18005	cpu=1676|3119|5019	level=auto
1785640308.502	sclk=606	mclk=-	fclk=-	socclk=-	busy=0	power_mw=26009	cpu=2000|3834|5058	level=auto
1785640309.522	sclk=628	mclk=-	fclk=-	socclk=-	busy=0	power_mw=44004	cpu=1771|4152|5057	level=auto
1785640310.540	sclk=610	mclk=-	fclk=-	socclk=-	busy=0	power_mw=55064	cpu=1595|4212|5059	level=auto
1785640311.556	sclk=604	mclk=1000	fclk=-	socclk=-	busy=0	power_mw=59046	cpu=2000|4406|4894	level=auto
1785640312.577	sclk=601	mclk=1000	fclk=-	socclk=-	busy=0	power_mw=59088	cpu=1582|4386|5061	level=auto
1785640313.596	sclk=600	mclk=1000	fclk=-	socclk=-	busy=0	power_mw=59062	cpu=1573|4268|4980	level=auto
1785640314.613	sclk=613	mclk=1000	fclk=-	socclk=-	busy=0	power_mw=59059	cpu=1593|3857|5078	level=auto
1785640315.629	sclk=605	mclk=1000	fclk=2000	socclk=-	busy=0	power_mw=60042	cpu=1590|4075|5096	level=auto
1785640316.644	sclk=602	mclk=1000	fclk=2000	socclk=-	busy=0	power_mw=58099	cpu=1670|3849|5057	level=auto
1785640317.662	sclk=611	mclk=1000	fclk=2000	socclk=-	busy=0	power_mw=59000	cpu=2000|4312|4941	level=auto
1785640318.682	sclk=604	mclk=1000	fclk=2000	socclk=-	busy=0	power_mw=59078	cpu=1676|3989|5051	level=auto
1785640319.699	sclk=606	mclk=1000	fclk=2000	socclk=-	busy=0	power_mw=60043	cpu=1589|3947|5087	level=auto
1785640320.715	sclk=611	mclk=1000	fclk=2000	socclk=-	busy=0	power_mw=59077	cpu=1595|4171|5113	level=auto
1785640321.732	sclk=608	mclk=1000	fclk=2000	socclk=-	busy=0	power_mw=58027	cpu=1546|4017|4919	level=auto
1785640322.750	sclk=603	mclk=1000	fclk=2000	socclk=-	busy=0	power_mw=59096	cpu=1534|4128|4919	level=auto
1785640323.769	sclk=601	mclk=1000	fclk=2000	socclk=-	busy=0	power_mw=59083	cpu=1684|4063|5009	level=auto
1785640324.783	sclk=600	mclk=1000	fclk=2000	socclk=-	busy=0	power_mw=59009	cpu=1552|4336|4965	level=auto
1785640325.803	sclk=600	mclk=1000	fclk=2000	socclk=-	busy=0	power_mw=60046	cpu=2000|4614|4933	level=auto
1785640326.820	sclk=600	mclk=1000	fclk=-	socclk=-	busy=0	power_mw=59008	cpu=1546|4180|4918	level=auto
1785640327.842	sclk=600	mclk=1000	fclk=2000	socclk=-	busy=0	power_mw=59060	cpu=1538|4033|4939	level=auto
1785640328.863	sclk=600	mclk=1000	fclk=2000	socclk=-	busy=0	power_mw=59075	cpu=1546|4114|4944	level=auto
1785640329.879	sclk=600	mclk=1000	fclk=-	socclk=-	busy=0	power_mw=60022	cpu=1910|4012|4974	level=auto
1785640330.896	sclk=600	mclk=1000	fclk=2000	socclk=-	busy=0	power_mw=60015	cpu=1536|3722|4924	level=auto
1785640331.916	sclk=600	mclk=1000	fclk=2000	socclk=-	busy=0	power_mw=60050	cpu=1575|4239|4989	level=auto
1785640332.937	sclk=600	mclk=1000	fclk=2000	socclk=-	busy=0	power_mw=59028	cpu=1687|3893|5087	level=auto
1785640333.956	sclk=600	mclk=1000	fclk=2000	socclk=-	busy=0	power_mw=59091	cpu=1555|3598|4999	level=auto
1785640334.972	sclk=600	mclk=1000	fclk=2000	socclk=-	busy=0	power_mw=60037	cpu=1536|3903|4908	level=auto
1785640335.991	sclk=600	mclk=1000	fclk=2000	socclk=-	busy=0	power_mw=59075	cpu=1856|4041|5016	level=auto
1785640337.006	sclk=608	mclk=1000	fclk=2000	socclk=-	busy=0	power_mw=60009	cpu=1788|4230|5067	level=auto
1785640338.020	sclk=603	mclk=1000	fclk=2000	socclk=-	busy=0	power_mw=60012	cpu=2000|4377|5069	level=auto
1785640339.034	sclk=601	mclk=1000	fclk=2000	socclk=-	busy=0	power_mw=60007	cpu=1579|3910|5093	level=auto
1785640340.050	sclk=600	mclk=1000	fclk=2000	socclk=-	busy=0	power_mw=58070	cpu=1585|3259|5057	level=auto
1785640341.069	sclk=600	mclk=1000	fclk=-	socclk=-	busy=0	power_mw=58063	cpu=1646|3807|4954	level=auto
1785640342.091	sclk=600	mclk=1000	fclk=2000	socclk=-	busy=0	power_mw=59005	cpu=1563|3838|4990	level=auto
1785640343.111	sclk=608	mclk=1000	fclk=2000	socclk=-	busy=0	power_mw=60055	cpu=1565|4319|4993	level=auto
1785640344.134	sclk=603	mclk=1000	fclk=2000	socclk=-	busy=0	power_mw=60013	cpu=1587|3996|5051	level=auto
1785640345.153	sclk=601	mclk=1000	fclk=2000	socclk=-	busy=0	power_mw=61038	cpu=2000|4398|5071	level=auto
1785640346.172	sclk=600	mclk=1000	fclk=2000	socclk=-	busy=0	power_mw=60072	cpu=1770|4232|5096	level=auto
1785640347.187	sclk=600	mclk=1000	fclk=2000	socclk=-	busy=0	power_mw=60021	cpu=1633|4029|4926	level=auto
1785640348.209	sclk=600	mclk=1000	fclk=2000	socclk=-	busy=0	power_mw=59021	cpu=1665|3822|4996	level=auto
1785640349.226	sclk=600	mclk=1000	fclk=2000	socclk=-	busy=0	power_mw=57098	cpu=1587|4072|5034	level=auto
1785640350.242	sclk=600	mclk=1000	fclk=2000	socclk=-	busy=0	power_mw=58022	cpu=1607|3934|4914	level=auto
1785640351.261	sclk=600	mclk=1000	fclk=-	socclk=-	busy=0	power_mw=57075	cpu=1677|4195|5063	level=auto
1785640352.277	sclk=600	mclk=1000	fclk=-	socclk=-	busy=0	power_mw=58008	cpu=1661|4110|5056	level=auto
1785640353.295	sclk=600	mclk=1000	fclk=2000	socclk=-	busy=0	power_mw=58057	cpu=2000|4662|4994	level=auto
1785640354.313	sclk=600	mclk=1000	fclk=2000	socclk=-	busy=0	power_mw=58063	cpu=1578|4329|4918	level=auto
1785640355.331	sclk=600	mclk=1000	fclk=2000	socclk=-	busy=0	power_mw=59071	cpu=1691|4537|5029	level=auto
1785640356.348	sclk=600	mclk=1000	fclk=2000	socclk=-	busy=0	power_mw=59056	cpu=1529|4097|4904	level=auto
1785640357.366	sclk=600	mclk=1000	fclk=2000	socclk=-	busy=0	power_mw=59029	cpu=1573|4001|4964	level=auto
1785640358.387	sclk=600	mclk=1000	fclk=2000	socclk=-	busy=0	power_mw=58065	cpu=1576|4247|5054	level=auto
1785640359.405	sclk=600	mclk=1000	fclk=2000	socclk=-	busy=0	power_mw=60001	cpu=1628|3934|4948	level=auto
1785640360.419	sclk=600	mclk=1000	fclk=2000	socclk=-	busy=0	power_mw=60036	cpu=1649|4365|4982	level=auto
1785640361.434	sclk=600	mclk=1000	fclk=-	socclk=-	busy=0	power_mw=60017	cpu=1585|3499|5073	level=auto
1785640362.454	sclk=600	mclk=1000	fclk=-	socclk=-	busy=0	power_mw=60002	cpu=2000|3917|5030	level=auto
1785640363.468	sclk=600	mclk=1000	fclk=-	socclk=-	busy=0	power_mw=60077	cpu=1564|4292|4964	level=auto
1785640364.488	sclk=600	mclk=1000	fclk=2000	socclk=-	busy=0	power_mw=60096	cpu=1593|4336|5043	level=auto
1785640365.503	sclk=604	mclk=1000	fclk=-	socclk=-	busy=0	power_mw=58013	cpu=2000|4573|4904	level=auto
1785640366.523	sclk=612	mclk=1000	fclk=-	socclk=-	busy=0	power_mw=41095	cpu=1770|3812|4942	level=auto
1785640367.544	sclk=604	mclk=1000	fclk=-	socclk=-	busy=0	power_mw=39045	cpu=1770|3935|4901	level=auto
1785640368.565	sclk=602	mclk=1000	fclk=-	socclk=-	busy=0	power_mw=38097	cpu=1775|3731|4907	level=auto
1785640369.584	sclk=601	mclk=1000	fclk=-	socclk=-	busy=0	power_mw=37025	cpu=1731|3287|4925	level=auto
1785640370.602	sclk=600	mclk=1000	fclk=-	socclk=-	busy=0	power_mw=39095	cpu=1747|2866|4892	level=auto
